sub,dorsal_frontal
AC,0.0337605462968862
AM,0.000450128652218718
BB,-0.0106243856122012
CM,0.0495106509962413
CR,0.0542691224078857
GG,0.00324995670706785
HA,0.0170603973937775
IB,-0.00662188494897431
JM,-0.00418080802153531
JR,0.056893856442056
KK,0.00919775643196541
KT,0.0466623748559565
MC,0.0144315764352925
MH,0.0062703003012361
NF,-0.000302846391669664
SB,0.00452079042792397
SG,0.0187496454397496
SOG,-0.00658806333791689
TL,0.0450723899462091
ZZ,-0.00165532113830122
