sub,dorsal_ventral
AC,0.0258055871035701
AM,0.00951003187018751
BB,0.0243013762766708
CM,0.0503261770255445
CR,0.0448770067280453
GG,0.0171259334630278
HA,0.0160596085506035
IB,0.00496971871540608
JM,-0.0315757942292669
JR,0.0739298811494038
KK,-0.00197112621487294
KT,-0.000346647376460063
MC,-0.001142674119607
MH,5.88720920600139e-05
NF,0.00374317841567517
SB,-0.00674304913187052
SG,0.0540790281387815
SOG,0.0099865356739377
TL,-0.0464666345250531
ZZ,-0.00271008045809895
