sub,dorsal_ventral
AC_newepoch,0.0276737998768621
AM,0.0116720714853265
BB,0.0118787567837033
CM,0.0472459044119875
CR,0.0541340204362541
GG,0.00947365389124433
HA,0.00753319459355373
IB,0.00253365806673567
JM,-0.0236881194493517
JR,0.0672059372939136
KK,-0.00767676189201305
KT,0.00824248080841106
MC,-0.00112756110087409
MH,0.00230233270703217
NF,0.00438075502293112
SB,-0.0130685596259674
SG,0.0316233249657845
SOG,0.00225560027062266
TL,0.0500395222187739
ZZ,-0.00198511300160133
